strategy,keyword
Quick Returns,crypto
Quick Returns,options trading
Quick Returns,meme stocks
Quick Returns,day trading
Quick Returns,short squeeze
Quick Returns,penny stocks
Quick Returns,leveraged ETFs
Quick Returns,earnings reports
Quick Returns,market volatility
Quick Returns,speculative tech
Quick Returns,AI stocks
Quick Returns,IPO
Quick Returns,swing trades
Quick Returns,buyouts
Quick Returns,hot stocks
Quick Returns,hedge fund movement
Quick Returns,Reddit stocks
Quick Returns,WallStreetBets
Quick Returns,momentum trading
Quick Returns,high beta stocks
Quick Returns,stock split
Quick Returns,earnings surprise
Quick Returns,pump and dump
Quick Returns,trending tickers
Quick Returns,after-hours trading
Quick Returns,pre-market trading
Quick Returns,breakout stocks
Quick Returns,parabolic move
Quick Returns,call option
Quick Returns,put option
Quick Returns,open interest
Quick Returns,option volume
Quick Returns,max pain theory
Long Term Growth,index funds
Long Term Growth,blue chip stocks
Long Term Growth,economic policy
Long Term Growth,GDP growth
Long Term Growth,fiscal strategy
Long Term Growth,infrastructure
Long Term Growth,emerging markets
Long Term Growth,technology innovation
Long Term Growth,ESG investing
Long Term Growth,clean energy
Long Term Growth,capital gains
Long Term Growth,R&D investment
Long Term Growth,global trade
Long Term Growth,macroeconomics
Long Term Growth,compounding interest
Long Term Growth,long horizon investing
Long Term Growth,401k
Long Term Growth,retirement planning
Long Term Growth,tech sector outlook
Long Term Growth,fundamentals
Long Term Growth,price to earnings
Long Term Growth,diversification
Long Term Growth,moat
Long Term Growth,value investing
Long Term Growth,growth stocks
Long Term Growth,market leaders
Long Term Growth,innovation trends
Long Term Growth,long-term bonds
Long Term Growth,strategic allocation
Income,dividend stocks
Income,bond yields
Income,stable income
Income,monthly income
Income,municipal bonds
Income,fixed income
Income,preferred shares
Income,REITs
Income,cash flow investing
Income,CD rates
Income,safe yield
Income,dividend aristocrats
Income,bond laddering
Income,annuity
Income,income funds
Income,treasury securities
Income,coupon payments
Income,low risk investing
Income,rental income
Income,MBS
Income,yield curve
Income,distribution payout
Income,capital preservation
Income,utilities sector
Income,income allocation
Income,inflation-protected bonds
