date,equity
2025-06-13,100000.0
2025-06-16,100000.0
2025-06-17,100000.0
2025-06-18,100000.0
2025-06-20,100000.0
2025-06-23,100000.0
2025-06-24,100000.0
2025-06-25,100000.0
2025-06-26,100000.0
2025-06-27,100000.0
2025-06-30,100000.0
2025-07-01,100000.0
2025-07-02,100000.0
2025-07-03,100000.0
2025-07-07,100000.0
2025-07-08,100000.0
2025-07-09,100000.0
2025-07-10,100000.0
2025-07-11,100000.0
2025-07-14,100000.0
2025-07-15,100000.0
2025-07-16,100000.0
2025-07-17,100000.0
2025-07-18,100000.0
2025-07-21,100000.0
2025-07-22,100000.0
2025-07-23,100000.0
2025-07-24,100000.0
2025-07-25,100000.0
2025-07-28,100000.0
2025-07-29,100000.0
2025-07-30,100000.0
2025-07-31,100000.0
2025-08-01,100000.0
2025-08-04,100303.77468191294
2025-08-05,99660.1430443397
2025-08-06,98522.98339162974
2025-08-07,99364.31368917612
2025-08-08,100883.6455522014
2025-08-11,99773.27720503343
2025-08-12,101372.7189393474
2025-08-13,103043.92353682054
2025-08-14,102744.69149641527
2025-08-15,106788.11302809251
2025-08-18,107514.84284071458
2025-08-19,108840.7909150554
2025-08-20,108687.80809645189
2025-08-21,107959.03587965501
2025-08-22,109422.8881669475
2025-08-25,108992.52216200365
2025-08-26,108167.12806562913
2025-08-27,108536.56037764085
2025-08-28,107921.78949598802
2025-08-29,110284.22126631273
2025-09-02,111564.55452589525
2025-09-03,110922.22682814134
2025-09-04,107343.12830214037
2025-09-05,108779.96751265062
2025-09-08,108296.1170945598
2025-09-09,112025.02980665697
2025-09-10,111242.01081709398
2025-09-11,116184.01751570238
2025-09-12,113892.80238203538
2025-09-15,112087.74659590257
2025-09-16,111612.67336897386
2025-09-17,111666.1182084514
2025-09-18,112396.44640414984
2025-09-19,111275.07743137152
2025-09-22,113255.12703769477
2025-09-23,113414.41669528754
2025-09-24,116558.16964023383
2025-09-25,116080.51699130805
2025-09-26,116965.07698886664
2025-09-29,117458.64571445258
2025-09-30,117655.73748081
2025-10-01,117943.80762546332
2025-10-02,119219.98679416449
2025-10-03,120541.510080633
2025-10-06,120316.11106329902
2025-10-07,120537.69866467177
2025-10-08,120336.62877941786
2025-10-09,120086.9035546363
2025-10-10,119070.99394770271
2025-10-13,119106.41414423591
2025-10-14,119206.2333581031
2025-10-15,118753.46641241573
2025-10-16,118753.46641241573
2025-10-17,118518.02432646869
2025-10-20,118607.20244231341
2025-10-21,119752.82380309222
2025-10-22,119176.58369841693
2025-10-23,118668.9425469887
2025-10-24,119450.98212828753
2025-10-27,120013.50453581927
2025-10-28,119581.32380309222
2025-10-29,118216.182651664
2025-10-30,117354.44681365776
2025-10-31,116984.36535424255
2025-11-03,116593.34556359313
2025-11-04,116188.60545891784
2025-11-05,116229.76640099548
2025-11-06,109417.78488320373
2025-11-07,109314.3695311138
2025-11-10,109314.3695311138
2025-11-11,109314.3695311138
2025-11-12,109314.3695311138
2025-11-13,109314.3695311138
2025-11-14,109314.3695311138
2025-11-17,109314.3695311138
2025-11-18,109209.76272021145
2025-11-19,108888.23234759182
2025-11-20,108288.28278983757
2025-11-21,112265.51198167118
2025-11-24,111978.35477799686
2025-11-25,116149.6850583008
2025-11-26,117043.63290757449
2025-11-28,117688.16432542117
2025-12-01,117328.88978165896
2025-12-02,117347.96145409853
2025-12-03,114574.75912446291
2025-12-04,112788.0961358002
2025-12-05,112005.22052163394
2025-12-08,110159.93489999087
2025-12-09,111095.31242532046
2025-12-10,112065.59161729128
2025-12-11,113218.11931390078
2025-12-12,115636.58701104434
2025-12-15,114646.5472332886
2025-12-16,113361.4912278107
2025-12-17,115230.6403658684
2025-12-18,116223.26170375902
2025-12-19,115503.35531833727
2025-12-22,116160.30172756274
2025-12-23,115662.83879688341
2025-12-24,116420.1637327965
2025-12-26,116666.99335506518
2025-12-29,116185.6369459923
2025-12-30,116339.69076183398
2025-12-31,116118.36004093249
2026-01-02,117172.20085743029
2026-01-05,118770.14770916064
2026-01-06,121712.26441600878
2026-01-07,121591.67493274767
2026-01-08,122434.66915913824
2026-01-09,123054.69105931524
2026-01-12,123163.22312733773
2026-01-13,123625.46578404549
2026-01-14,123875.69508549813
2026-01-15,123766.49396765763
2026-01-16,123749.74294531877
2026-01-20,123501.84366095597
2026-01-21,122865.34314978654
2026-01-22,122255.64325202043
2026-01-23,122190.85098471295
2026-01-26,122190.85098471295
2026-01-27,122190.85098471295
2026-01-28,122190.85098471295
2026-01-29,121746.4939949577
2026-01-30,121865.29190755535
2026-02-02,121602.49344564129
2026-02-03,120587.29355550457
2026-02-04,120576.50270742421
2026-02-05,120576.50270742421
2026-02-06,120576.50270742421
2026-02-09,120576.50270742421
2026-02-10,120576.50270742421
2026-02-11,120576.50270742421
2026-02-12,119318.09165129844
2026-02-13,119395.15746533332
2026-02-17,119395.15746533332
2026-02-18,119395.15746533332
2026-02-19,119395.15746533332
2026-02-20,119395.15746533332
2026-02-23,119395.15746533332
2026-02-24,119395.15746533332
2026-02-25,119068.86229987742
2026-02-26,121579.99833276804
2026-02-27,122656.70209100778
2026-03-02,121846.9095266157
2026-03-03,119917.28520563181
2026-03-04,119513.3923528486
2026-03-05,119427.77218988474
2026-03-06,118491.35429742868
2026-03-09,118608.62126520212
2026-03-10,116987.55229547556
2026-03-11,116399.6384465986
2026-03-12,114723.65191247995
2026-03-13,115257.98743036325
2026-03-16,116301.11113336618
2026-03-17,117004.8661306196
2026-03-18,116977.71850183542
2026-03-19,115739.32709863718
2026-03-20,116160.24841669138
2026-03-23,115831.26850004897
2026-03-24,116191.58827086195
2026-03-25,116545.72463515648
2026-03-26,116909.99866011986
2026-03-27,113707.06717971215
2026-03-30,111357.29100420565
2026-03-31,113128.80736925692
2026-04-01,113579.97631456942
2026-04-02,114307.8976631412
2026-04-06,114871.92465975374
2026-04-07,116805.21508410067
2026-04-08,118094.19657137484
2026-04-09,116993.49719622225
2026-04-10,116229.84528734774
2026-04-13,118469.31599047274
2026-04-14,119137.3874626407
2026-04-15,119664.87513353914
2026-04-16,119194.89491655916
2026-04-17,121216.74856951326
2026-04-20,120556.23641207308
2026-04-21,121456.23593142122
2026-04-22,123207.00698473543
2026-04-23,121541.10658648104
2026-04-24,120417.81653978914
2026-04-27,121012.17678835482
2026-04-28,121142.03311691733
2026-04-29,123172.29355774375
2026-04-30,122233.43483124228
2026-05-01,121581.57565460654
2026-05-04,121760.61841781635
2026-05-05,122468.40286640174
2026-05-06,123914.40336994178
2026-05-07,124287.01459125525
2026-05-08,129603.4124184037
2026-05-11,129262.55502704628
2026-05-12,132761.38342670447
2026-05-13,134686.28430561072
2026-05-14,132105.66305927283
2026-05-15,132830.81317523963
2026-05-18,133123.11444477088
2026-05-19,133010.50149921424
2026-05-20,132399.8953895951
2026-05-21,132320.4121437455
2026-05-22,133338.9657020951
2026-05-26,132228.9623451615
2026-05-27,133518.20282367713
2026-05-28,134353.37518695838
2026-05-29,133474.65497211463
2026-06-01,137753.94104389197
2026-06-02,135179.33563617713
2026-06-03,137310.6149635697
2026-06-04,141224.27087787635
2026-06-05,141053.8088722611
2026-06-08,141812.53271869666
2026-06-09,143434.37424091346
2026-06-10,142384.43393329627
2026-06-11,144413.18365863807
2026-06-12,146530.13364032752
