ticker,side,entry_date,exit_date,entry_price,exit_price,pnl,bars_held,pnl_pct
WAT,Long,2025-08-07,2025-08-08,281.119995,277.551157,-314.06,1,-1.27
ELV,Long,2025-08-04,2025-09-18,268.888812,304.368211,3264.1,32,13.19
CNC,Long,2025-08-04,2025-10-03,25.972979,36.919998,10552.93,43,42.15
SBAC,Long,2025-10-07,2025-10-09,186.317059,185.296715,-165.3,2,-0.55
MOH,Long,2025-08-04,2025-10-15,157.668791,192.173869,5555.32,51,21.88
CSGP,Long,2025-10-30,2025-10-31,70.695334,68.725622,-825.31,1,-2.79
KMX,Long,2025-10-17,2025-11-07,43.221601,30.74462,-8559.21,15,-28.87
CSGP,Long,2025-11-18,2025-12-17,67.0335,63.599998,-1397.44,20,-5.12
CMG,Long,2025-11-21,2026-01-08,30.585285,38.650663,7186.25,31,26.37
BAX,Long,2025-11-20,2026-01-12,17.641643,20.998248,5172.53,34,19.03
ARE,Long,2025-11-21,2026-01-15,47.617788,55.39659,4441.7,36,16.34
NFLX,Long,2026-01-08,2026-01-23,90.495222,83.388285,-2380.82,10,-7.85
NFLX,Long,2026-01-29,2026-02-04,84.352153,79.950003,-1584.77,4,-5.22
NFLX,Long,2026-02-12,2026-02-13,79.149556,76.101929,-1152.0,1,-3.85
CSGP,Long,2026-03-25,2026-03-30,41.86092,40.13992,-1204.7,3,-4.11
A,Long,2026-03-23,2026-04-28,113.218364,116.171888,770.87,25,2.61
BSX,Long,2026-02-26,2026-05-04,74.037,56.621677,-7053.21,46,-23.52
